{"cameraMode":{"drawMode":0,"name":"Shaded","section":"Shading Mode"},"sceneLighting":false,"audioPlay":false,"sceneViewState":{"showFog":false,"showMaterialUpdate":false,"showSkybox":false,"showFlares":false,"showImageEffects":false,"showParticleSystems":false},"in2DMode":false,"pivot":{"x":3.7279999256134035,"y":0.9900000095367432,"z":33.37900161743164},"rotation":{"x":-0.3163655698299408,"y":0.004270158242434263,"z":-0.001423502340912819,"w":-0.948626697063446},"size":4.991065979003906,"orthographic":false}