{"cameraMode":{"drawMode":0,"name":"Shaded","section":"Shading Mode"},"sceneLighting":false,"audioPlay":false,"sceneViewState":{"showFog":false,"showMaterialUpdate":false,"showSkybox":false,"showFlares":false,"showImageEffects":false,"showParticleSystems":false},"in2DMode":false,"pivot":{"x":-3.4992237091064455,"y":0.5500000715255737,"z":-0.5532913208007813},"rotation":{"x":-0.14793816208839417,"y":0.014825109392404557,"z":-0.0022181528620421888,"w":-0.9888830780982971},"size":8.219317436218262,"orthographic":true}